{
  "postcss.config.mjs": 1776718933.0087552,
  "next-env.d.ts": 1776721311.5457141,
  "tailwind.config.ts": 1776721080.902546,
  "vitest.config.ts": 1776700828.723446,
  "eslint.config.mjs": 1776699101.7215126,
  "next.config.ts": 1776722588.203268,
  "public/workbox-4754cb34.js": 1776721310.8094106,
  "public/sw.js": 1776721310.8093812,
  "scripts/seed-markets.mjs": 1776721613.2618186,
  "src/types/next-auth.d.ts": 1776701197.988505,
  "src/app/layout.tsx": 1776724457.7836168,
  "src/app/page.tsx": 1776724118.1347518,
  "src/app/providers.tsx": 1776721095.2953882,
  "src/app/admin/AdminMarketRow.tsx": 1776704321.9105177,
  "src/app/admin/page.tsx": 1776704309.960497,
  "src/app/leaderboard/page.tsx": 1776724132.3990474,
  "src/app/profile/page.tsx": 1776717035.671241,
  "src/app/markets/propose/page.tsx": 1776704298.7613564,
  "src/app/markets/[id]/page.tsx": 1776724151.8577068,
  "src/app/api/auth/[...nextauth]/route.ts": 1776699405.928242,
  "src/app/api/admin/markets/[id]/route.ts": 1776717343.498592,
  "src/app/api/leaderboard/route.ts": 1776704065.681305,
  "src/app/api/news/[marketId]/route.ts": 1776717367.8656373,
  "src/app/api/markets/route.ts": 1776701351.8587546,
  "src/app/api/markets/[id]/route.ts": 1776717348.4141438,
  "src/app/api/markets/[id]/bet/route.ts": 1776717357.996289,
  "src/app/api/cron/notify/route.ts": 1776720024.6707466,
  "src/app/api/cron/resolve/route.ts": 1776702455.6458147,
  "src/tests/lib/resolution.test.ts": 1776700998.1935437,
  "src/tests/lib/lmsr.test.ts": 1776700716.472641,
  "src/components/Navbar.tsx": 1776724167.3702583,
  "src/components/NewsFeed.tsx": 1776704109.2645984,
  "src/components/BottomNav.tsx": 1776724072.4478278,
  "src/components/BetForm.tsx": 1776704100.288952,
  "src/components/MarketCard.tsx": 1776724099.833236,
  "src/lib/news.ts": 1776702623.038873,
  "src/lib/resolution.ts": 1776701014.6913254,
  "src/lib/lmsr.ts": 1776700774.4424634,
  "src/lib/db.ts": 1776699376.449259,
  "src/lib/auth.ts": 1776699384.6853845,
  "README.md": 1776699101.7211797,
  "CODEX.md": 1776715956.8252473,
  "AGENTS.md": 1776717446.870382,
  "CLAUDE.md": 1776721192.62983,
  "docs/adr/0001-lmsr-over-parimutuel.md": 1776700654.9031055,
  "docs/adr/0004-virtual-coins-no-real-money.md": 1776700688.4707794,
  "docs/adr/README.md": 1776700639.7175083,
  "docs/adr/0003-supabase-postgresql.md": 1776700677.3370237,
  "docs/adr/0002-nextjs-monolith.md": 1776700666.0428493,
  "docs/adr/003-pwa-and-dark-mode.md": 1776721216.8451622,
  "docs/superpowers/plans/2026-04-18-polymarket-india.md": 1776700881.7898302,
  "docs/superpowers/specs/2026-04-18-polymarket-india-design.md": 1776700881.7849588,
  "graphify-out/graph.html": 1776725012.1405501,
  "graphify-out/GRAPH_REPORT.md": 1776725000.7126062,
  "public/file.svg": 1776699101.7207165,
  "public/icon-192.png": 1776721049.9708443,
  "public/icon.svg": 1776724442.9792922,
  "public/vercel.svg": 1776699101.7229617,
  "public/next.svg": 1776699101.7229748,
  "public/globe.svg": 1776699101.7230637,
  "public/window.svg": 1776699101.7235575,
  "public/icon-512.png": 1776721050.5394886
}